Title,Price,End of Offer
pretty by flormar Crayon à sourcils Styler 401 Blonde,2.00 Dhs,Not mentioned
pretty by flormar Eyeliner styler 109 Teal,2.00 Dhs,Not mentioned
pretty by flormar Eyeliner Styler 107 Army Green,2.00 Dhs,Not mentioned
L'Oréal Paris Offre Bombe - Trousse Essentiels Eté:- Ecran Solaire UV Defender + Sérum Cheveux Hyaluron Repulp = Mini Khol + Mini Mascara Paradise + 4 Echantillons Sérum visage + Trousse Voyage offerts,119.00 Dhs,Not mentioned
"Mellerware Bouilloire en inox MKE 1818-02 1800 W - 1,8L acier inoxydable – 2 ans de garantie",109.00 Dhs,Not mentioned
L'Oréal Paris Offre spéciale Ecran Visage UV Defender à l'acide hyaluronique SPF 50+ Moisture Fresh = Trousse Offerte,65.00 Dhs,Not mentioned
Garnier Offre Spéciale Routine Skine Acitve Fast clear Gel Nettoyant Anti Acné 200ml + Scrub Anti Acné 50ml,69.00 Dhs,Not mentioned
NIVEA Masque Tissu Hydratant Charbon & Thé Vert - 1 masque,18.00 Dhs,Not mentioned
Garnier Pack SkinActive Vitamine C - Sérum Visage 30ml + Gel Nettoyant 50 ml + Crème de jour Éclaircissante +SPF25 à La Vitamine C,89.00 Dhs,Not mentioned
Adidas Sac À Dos,159.00 Dhs,Not mentioned
L'Oréal Paris Offre Spéciale Ecran Visage UV Defender À L'airlicium Spf 50+ Oil Control = Trousse Offerte,65.00 Dhs,Not mentioned
Maybelline New York Rouge à Lèvres Liquide - Effet Mat - Longue Tenue - SENSATIONAL LIQUID MATTE - Teinte : 02,40.00 Dhs,Not mentioned
"Mellerware Robot Mixeur plangeant MHM-403 ,400w+accesoires-2ans de garantie",109.00 Dhs,Not mentioned
Mellerware Robot Mixeur plongeant MHM-404 - 400w + accessoires - 2ans de garantie,159.00 Dhs,Not mentioned
Adidas Chaussure Galaxy Star - Noir,559.00 Dhs,Not mentioned
Adidas Sac à dos Classic Horizontal 3 bandes - Bleu,145.00 Dhs,Not mentioned
Garnier Pack Fast Bright à Vitamine C - Gel nettoyant 400ml + Sérum 30X Booster d'éclat15ML,89.00 Dhs,Not mentioned
L'Oréal Paris Offre spéciale Sérum Contour des Yeux Anti-Cernes 3% [GLYCOLIC + VIT CG + NIACINAMIDE]= Roller Offert,89.00 Dhs,Not mentioned
NIVEA SUN Carotène- Huile Protectrice en spray Bronzage Intense - SPF 6 - 200ml,83.00 Dhs,Not mentioned
Maybelline Gloss à Lèvres Hydratant & Brillance Instantanée - Enrichi en Acide Hyaluronique - Lifter Gloss - Teinte : 002 ICE,92.00 Dhs,Not mentioned
L'Oréal Paris L'oréal Paris - Hyaluron Expert Crème Contour Des Yeux À L'acide Hyaluronique 15 Ml,75.00 Dhs,Not mentioned
NIVEA SUN Ecran Solaire Uv - Shine Control - Spf 50 - 50ml,81.00 Dhs,Not mentioned
Reef Sandales Seaside - Tan/navy,119.00 Dhs,Not mentioned
Garnier Serum AA 30ml = Scrub 50ml,110.00 Dhs,Not mentioned
Adidas Pantalon en toile à 3 bandes Essentials - Noir,185.00 Dhs,Not mentioned
Adidas Chaussures Tensaur Run - Bleu,179.00 Dhs,Not mentioned
"Mellerware Batteur Mixeur MélangeurMHM-301 5 Vitesses,2 Fouets Métalliques-2ans de garantie",79.00 Dhs,Not mentioned
Adidas Claquette Adilette -Jaune,305.00 Dhs,Not mentioned
Maybelline New York Rouge à Lèvres Liquide - Effet Mat - Longue Tenue - SENSATIONAL LIQUID MATTE - Teinte : 07,45.00 Dhs,Not mentioned
XIAOMI Tv A Pro 32 Pouces - Smart HD – L32M8-A2ME,"1,499.00 Dhs",Not mentioned
"NIVEA SUN Spray Protect & Hydrate SPF 50+ Trigger, 270ml",185.00 Dhs,Not mentioned
NIVEA SUN Ecran Solaire Uv - Anti-age & Anti-pigments - Spf 50 - 50ml,81.00 Dhs,Not mentioned
Garnier Offre Spéciale Sérum Fast Bright À La Vitamine C Booster D'éclat Pour Teint Terne 30 Ml = Gel Nettoyant Illuminant 100ml OFFERT,79.00 Dhs,Not mentioned
Maybelline New York Superstay Vinyl Ink 25 Red Hot + Eye Liner Hyper Easy + Mini Mascara Sky High,142.00 Dhs,Not mentioned
Kenz Fer A Repasser Vapeur VIOLET,110.00 Dhs,Not mentioned
Adidas Chaussures à scratch Tensaur - Noir,235.00 Dhs - 275.00 Dhs,Not mentioned
Adidas T-shirt AEROREADY Made for Training Minimal - Blanc,125.00 Dhs,Not mentioned
Adidas T-shirt LOUNGEWEAR Essentials Slim Logo - Vert,145.00 Dhs,Not mentioned
Adidas Chaussure à scratch Tensaur - Blanc,235.00 Dhs - 275.00 Dhs,Not mentioned
Adidas Chaussure à scratch Tensaur,235.00 Dhs,Not mentioned
